state,county,id,rate
01,001,01001,3.9     
01,003,01003,4.0     
01,005,01005,5.9     
01,007,01007,4.4     
01,009,01009,4.0     
01,011,01011,4.9     
01,013,01013,5.5     
01,015,01015,4.9     
01,017,01017,4.1     
01,019,01019,4.1     
01,021,01021,4.0     
01,023,01023,6.4     
01,025,01025,8.5     
01,027,01027,4.4     
01,029,01029,4.5     
01,031,01031,4.4     
01,033,01033,5.2     
01,035,01035,6.1     
01,037,01037,4.6     
01,039,01039,5.2     
01,041,01041,4.5     
01,043,01043,3.7     
01,045,01045,4.4     
01,047,01047,7.5     
01,049,01049,4.5     
01,051,01051,3.6     
01,053,01053,5.0     
01,055,01055,4.6     
01,057,01057,4.7     
01,059,01059,4.2     
01,061,01061,4.3     
01,063,01063,7.7     
01,065,01065,5.9     
01,067,01067,4.9     
01,069,01069,4.3     
01,071,01071,4.8     
01,073,01073,4.2     
01,075,01075,4.2     
01,077,01077,4.6     
01,079,01079,4.9     
01,081,01081,3.9     
01,083,01083,4.0     
01,085,01085,8.0     
01,087,01087,5.8     
01,089,01089,3.8     
01,091,01091,5.7     
01,093,01093,4.8     
01,095,01095,3.8     
01,097,01097,5.2     
01,099,01099,6.7     
01,101,01101,4.3     
01,103,01103,4.1     
01,105,01105,7.9     
01,107,01107,5.3     
01,109,01109,4.9     
01,111,01111,4.4     
01,113,01113,4.3     
01,115,01115,4.0     
01,117,01117,3.2     
01,119,01119,6.5     
01,121,01121,5.0     
01,123,01123,4.2     
01,125,01125,4.1     
01,127,01127,5.0     
01,129,01129,6.8     
01,131,01131,11.4     
01,133,01133,5.0     
02,013,02013,2.5     
02,016,02016,3.6     
02,020,02020,6.0     
02,050,02050,13.8     
02,060,02060,6.3     
02,068,02068,9.4     
02,070,02070,9.3     
02,090,02090,6.3     
02,100,02100,9.1     
02,105,02105,12.6     
02,110,02110,4.7     
02,122,02122,8.5     
02,130,02130,6.3     
02,150,02150,5.1     
02,158,02158,20.1     
02,164,02164,11.9     
02,170,02170,8.7     
02,180,02180,12.6     
02,185,02185,7.4     
02,188,02188,16.8     
02,195,02195,9.3     
02,198,02198,11.4     
02,220,02220,4.7     
02,230,02230,10.6     
02,240,02240,10.4     
02,261,02261,8.0     
02,275,02275,7.7     
02,282,02282,9.4     
02,290,02290,18.3     
04,001,04001,10.4     
04,003,04003,5.6     
04,005,04005,5.6     
04,007,04007,6.1     
04,009,04009,5.4     
04,011,04011,5.1     
04,012,04012,5.4     
04,013,04013,4.2     
04,015,04015,5.9     
04,017,04017,7.6     
04,019,04019,4.5     
04,021,04021,5.0     
04,023,04023,9.5     
04,025,04025,4.5     
04,027,04027,17.0     
05,001,05001,3.3     
05,003,05003,5.7     
05,005,05005,4.2     
05,007,05007,2.9     
05,009,05009,3.4     
05,011,05011,4.7     
05,013,05013,3.9     
05,015,05015,3.3     
05,017,05017,6.5     
05,019,05019,4.0     
05,021,05021,4.6     
05,023,05023,4.9     
05,025,05025,4.4     
05,027,05027,5.0     
05,029,05029,4.7     
05,031,05031,3.0     
05,033,05033,3.5     
05,035,05035,4.3     
05,037,05037,4.0     
05,039,05039,4.5     
05,041,05041,4.8     
05,043,05043,5.2     
05,045,05045,3.3     
05,047,05047,3.5     
05,049,05049,4.2     
05,051,05051,4.0     
05,053,05053,3.2     
05,055,05055,3.7     
05,057,05057,3.5     
05,059,05059,3.7     
05,061,05061,3.0     
05,063,05063,4.2     
05,065,05065,5.5     
05,067,05067,5.8     
05,069,05069,5.2     
05,071,05071,4.2     
05,073,05073,5.1     
05,075,05075,3.8     
05,077,05077,4.8     
05,079,05079,4.2     
05,081,05081,4.8     
05,083,05083,3.8     
05,085,05085,3.3     
05,087,05087,2.8     
05,089,05089,3.9     
05,091,05091,4.3     
05,093,05093,5.9     
05,095,05095,4.3     
05,097,05097,4.8     
05,099,05099,3.5     
05,101,05101,3.6     
05,103,05103,4.6     
05,105,05105,4.2     
05,107,05107,5.8     
05,109,05109,4.1     
05,111,05111,4.1     
05,113,05113,4.5     
05,115,05115,4.4     
05,117,05117,4.0     
05,119,05119,3.4     
05,121,05121,4.2     
05,123,05123,5.1     
05,125,05125,3.0     
05,127,05127,3.4     
05,129,05129,4.5     
05,131,05131,3.6     
05,133,05133,4.5     
05,135,05135,4.9     
05,137,05137,4.7     
05,139,05139,5.3     
05,141,05141,5.4     
05,143,05143,2.5     
05,145,05145,4.5     
05,147,05147,4.8     
05,149,05149,4.0     
06,001,06001,3.6     
06,003,06003,6.1     
06,005,06005,4.9     
06,007,06007,5.7     
06,009,06009,4.7     
06,011,06011,14.3     
06,013,06013,3.8     
06,015,06015,6.4     
06,017,06017,4.4     
06,019,06019,8.5     
06,021,06021,7.5     
06,023,06023,4.2     
06,025,06025,19.1     
06,027,06027,4.4     
06,029,06029,9.2     
06,031,06031,8.9     
06,033,06033,5.7     
06,035,06035,5.6     
06,037,06037,4.7     
06,039,06039,8.1     
06,041,06041,2.9     
06,043,06043,5.9     
06,045,06045,4.5     
06,047,06047,9.3     
06,049,06049,8.0     
06,051,06051,4.4     
06,053,06053,7.2     
06,055,06055,3.7     
06,057,06057,4.1     
06,059,06059,3.5     
06,061,06061,3.8     
06,063,06063,8.9     
06,065,06065,5.2     
06,067,06067,4.6     
06,069,06069,5.8     
06,071,06071,4.9     
06,073,06073,4.0     
06,075,06075,2.9     
06,077,06077,7.0     
06,079,06079,3.6     
06,081,06081,2.7     
06,083,06083,4.5     
06,085,06085,3.2     
06,087,06087,5.7     
06,089,06089,5.8     
06,091,06091,6.5     
06,093,06093,7.2     
06,095,06095,4.8     
06,097,06097,3.4     
06,099,06099,7.5     
06,101,06101,8.6     
06,103,06103,6.4     
06,105,06105,6.0     
06,107,06107,10.4     
06,109,06109,5.4     
06,111,06111,4.5     
06,113,06113,5.0     
06,115,06115,7.4     
08,001,08001,3.1     
08,003,08003,3.4     
08,005,08005,2.8     
08,007,08007,3.0     
08,009,08009,1.6     
08,011,08011,2.7     
08,013,08013,2.4     
08,014,08014,2.6     
08,015,08015,2.3     
08,017,08017,1.7     
08,019,08019,2.6     
08,021,08021,4.2     
08,023,08023,3.5     
08,025,08025,3.1     
08,027,08027,3.0     
08,029,08029,3.9     
08,031,08031,2.8     
08,033,08033,3.0     
08,035,08035,2.4     
08,037,08037,2.3     
08,039,08039,2.4     
08,041,08041,3.3     
08,043,08043,4.3     
08,045,08045,2.9     
08,047,08047,2.0     
08,049,08049,2.2     
08,051,08051,2.0     
08,053,08053,2.2     
08,055,08055,5.7     
08,057,08057,1.8     
08,059,08059,2.6     
08,061,08061,1.8     
08,063,08063,1.8     
08,065,08065,2.2     
08,067,08067,2.5     
08,069,08069,2.4     
08,071,08071,4.0     
08,073,08073,2.1     
08,075,08075,2.3     
08,077,08077,4.0     
08,079,08079,2.0     
08,081,08081,3.3     
08,083,08083,4.0     
08,085,08085,3.3     
08,087,08087,2.4     
08,089,08089,4.1     
08,091,08091,2.9     
08,093,08093,2.4     
08,095,08095,1.7     
08,097,08097,3.1     
08,099,08099,2.6     
08,101,08101,4.3     
08,103,08103,3.9     
08,105,08105,4.3     
08,107,08107,2.4     
08,109,08109,4.4     
08,111,08111,2.2     
08,113,08113,2.9     
08,115,08115,2.2     
08,117,08117,1.9     
08,119,08119,3.2     
08,121,08121,1.9     
08,123,08123,2.7     
08,125,08125,1.6     
09,001,09001,4.5     
09,003,09003,4.8     
09,005,09005,4.3     
09,007,09007,4.1     
09,009,09009,5.0     
09,011,09011,4.5     
09,013,09013,4.0     
09,015,09015,5.0     
10,001,10001,5.0     
10,003,10003,4.5     
10,005,10005,4.6     
11,001,11001,6.1     
12,001,12001,3.7     
12,003,12003,4.1     
12,005,12005,4.1     
12,007,12007,3.6     
12,009,12009,4.2     
12,011,12011,3.9     
12,013,12013,4.9     
12,015,12015,4.6     
12,017,12017,5.8     
12,019,12019,3.8     
12,021,12021,4.1     
12,023,12023,4.3     
12,027,12027,4.4     
12,029,12029,4.6     
12,031,12031,4.1     
12,033,12033,4.1     
12,035,12035,4.7     
12,037,12037,3.6     
12,039,12039,5.3     
12,041,12041,4.2     
12,043,12043,5.2     
12,045,12045,3.9     
12,047,12047,4.8     
12,049,12049,5.5     
12,051,12051,7.2     
12,053,12053,5.1     
12,055,12055,5.6     
12,057,12057,3.8     
12,059,12059,4.8     
12,061,12061,5.0     
12,063,12063,4.4     
12,065,12065,4.3     
12,067,12067,3.7     
12,069,12069,4.1     
12,071,12071,4.0     
12,073,12073,3.9     
12,075,12075,4.3     
12,077,12077,4.5     
12,079,12079,4.4     
12,081,12081,3.9     
12,083,12083,5.0     
12,085,12085,4.1     
12,086,12086,4.8     
12,087,12087,3.3     
12,089,12089,3.8     
12,091,12091,3.4     
12,093,12093,4.2     
12,095,12095,3.6     
12,097,12097,4.2     
12,099,12099,4.1     
12,101,12101,4.4     
12,103,12103,3.7     
12,105,12105,4.6     
12,107,12107,5.3     
12,109,12109,3.3     
12,111,12111,5.1     
12,113,12113,3.8     
12,115,12115,3.8     
12,117,12117,3.6     
12,119,12119,6.0     
12,121,12121,4.3     
12,123,12123,4.5     
12,125,12125,3.6     
12,127,12127,4.3     
12,129,12129,3.5     
12,131,12131,3.6     
12,133,12133,4.3     
13,001,13001,5.5     
13,003,13003,4.5     
13,005,13005,4.5     
13,007,13007,6.3     
13,009,13009,5.9     
13,011,13011,4.0     
13,013,13013,4.1     
13,015,13015,4.6     
13,017,13017,7.9     
13,019,13019,5.1     
13,021,13021,5.4     
13,023,13023,6.9     
13,025,13025,5.8     
13,027,13027,4.5     
13,029,13029,4.2     
13,031,13031,5.0     
13,033,13033,7.1     
13,035,13035,4.8     
13,037,13037,5.2     
13,039,13039,5.2     
13,043,13043,4.2     
13,045,13045,5.0     
13,047,13047,4.2     
13,049,13049,5.1     
13,051,13051,4.5     
13,053,13053,7.3     
13,055,13055,4.7     
13,057,13057,3.7     
13,059,13059,4.8     
13,061,13061,8.9     
13,063,13063,5.8     
13,065,13065,5.5     
13,067,13067,4.1     
13,069,13069,5.2     
13,071,13071,4.5     
13,073,13073,4.2     
13,075,13075,4.6     
13,077,13077,4.2     
13,079,13079,5.0     
13,081,13081,5.2     
13,083,13083,4.4     
13,085,13085,3.9     
13,087,13087,5.6     
13,089,13089,4.8     
13,091,13091,6.3     
13,093,13093,5.1     
13,095,13095,6.1     
13,097,13097,4.9     
13,099,13099,5.5     
13,101,13101,3.8     
13,103,13103,4.1     
13,105,13105,5.3     
13,107,13107,6.7     
13,109,13109,4.4     
13,111,13111,4.8     
13,113,13113,4.1     
13,115,13115,5.2     
13,117,13117,3.8     
13,119,13119,4.8     
13,121,13121,4.8     
13,123,13123,5.0     
13,125,13125,5.1     
13,127,13127,4.7     
13,129,13129,4.6     
13,131,13131,4.9     
13,133,13133,5.1     
13,135,13135,4.2     
13,137,13137,4.6     
13,139,13139,3.9     
13,141,13141,7.1     
13,143,13143,4.8     
13,145,13145,4.3     
13,147,13147,4.4     
13,149,13149,5.0     
13,151,13151,4.9     
13,153,13153,4.8     
13,155,13155,7.1     
13,157,13157,3.6     
13,159,13159,4.3     
13,161,13161,6.0     
13,163,13163,6.3     
13,165,13165,6.8     
13,167,13167,5.1     
13,169,13169,4.4     
13,171,13171,5.7     
13,173,13173,5.1     
13,175,13175,5.9     
13,177,13177,4.2     
13,179,13179,5.2     
13,181,13181,5.3     
13,183,13183,5.0     
13,185,13185,4.7     
13,187,13187,4.0     
13,189,13189,6.2     
13,191,13191,5.1     
13,193,13193,7.0     
13,195,13195,4.3     
13,197,13197,6.1     
13,199,13199,5.9     
13,201,13201,4.5     
13,205,13205,6.4     
13,207,13207,4.5     
13,209,13209,6.6     
13,211,13211,4.5     
13,213,13213,6.2     
13,215,13215,6.1     
13,217,13217,5.3     
13,219,13219,3.5     
13,221,13221,4.3     
13,223,13223,4.1     
13,225,13225,5.9     
13,227,13227,4.3     
13,229,13229,4.5     
13,231,13231,4.5     
13,233,13233,5.3     
13,235,13235,5.3     
13,237,13237,5.8     
13,239,13239,5.9     
13,241,13241,5.0     
13,243,13243,6.7     
13,245,13245,5.9     
13,247,13247,5.3     
13,249,13249,5.6     
13,251,13251,6.4     
13,253,13253,6.6     
13,255,13255,5.8     
13,257,13257,5.3     
13,259,13259,5.9     
13,261,13261,6.9     
13,263,13263,6.1     
13,265,13265,6.8     
13,267,13267,5.0     
13,269,13269,8.8     
13,271,13271,7.8     
13,273,13273,6.0     
13,275,13275,5.9     
13,277,13277,4.7     
13,279,13279,6.5     
13,281,13281,6.5     
13,283,13283,6.6     
13,285,13285,4.4     
13,287,13287,5.7     
13,289,13289,7.6     
13,291,13291,4.5     
13,293,13293,5.5     
13,295,13295,4.6     
13,297,13297,4.3     
13,299,13299,4.6     
13,301,13301,5.9     
13,303,13303,6.0     
13,305,13305,5.8     
13,307,13307,7.6     
13,309,13309,8.9     
13,311,13311,3.9     
13,313,13313,5.5     
13,315,13315,5.9     
13,317,13317,5.7     
13,319,13319,5.7     
13,321,13321,4.9     
15,001,15001,2.8     
15,003,15003,2.2     
15,007,15007,2.4     
15,009,15009,2.5     
16,001,16001,2.8     
16,003,16003,5.7     
16,005,16005,3.0     
16,007,16007,3.2     
16,009,16009,5.5     
16,011,16011,3.0     
16,013,16013,2.5     
16,015,16015,4.8     
16,017,16017,4.5     
16,019,16019,2.7     
16,021,16021,4.8     
16,023,16023,3.0     
16,025,16025,2.7     
16,027,16027,3.6     
16,029,16029,3.2     
16,031,16031,2.5     
16,033,16033,2.7     
16,035,16035,6.9     
16,037,16037,4.2     
16,039,16039,3.6     
16,041,16041,2.3     
16,043,16043,2.7     
16,045,16045,3.9     
16,047,16047,2.4     
16,049,16049,4.9     
16,051,16051,2.5     
16,053,16053,2.7     
16,055,16055,3.8     
16,057,16057,2.7     
16,059,16059,5.2     
16,061,16061,5.9     
16,063,16063,3.2     
16,065,16065,1.9     
16,067,16067,2.7     
16,069,16069,2.8     
16,071,16071,2.8     
16,073,16073,4.0     
16,075,16075,3.9     
16,077,16077,3.4     
16,079,16079,6.3     
16,081,16081,2.7     
16,083,16083,2.9     
16,085,16085,4.4     
16,087,16087,4.7     
17,001,17001,3.8     
17,003,17003,8.0     
17,005,17005,4.3     
17,007,17007,6.6     
17,009,17009,2.9     
17,011,17011,4.8     
17,013,17013,5.3     
17,015,17015,4.5     
17,017,17017,4.5     
17,019,17019,4.2     
17,021,17021,5.2     
17,023,17023,4.8     
17,025,17025,5.2     
17,027,17027,3.5     
17,029,17029,4.6     
17,031,17031,5.2     
17,033,17033,5.2     
17,035,17035,3.9     
17,037,17037,4.5     
17,039,17039,4.6     
17,041,17041,4.0     
17,043,17043,4.1     
17,045,17045,4.8     
17,047,17047,4.5     
17,049,17049,3.7     
17,051,17051,5.4     
17,053,17053,4.7     
17,055,17055,6.4     
17,057,17057,6.3     
17,059,17059,5.7     
17,061,17061,5.0     
17,063,17063,5.9     
17,065,17065,4.4     
17,067,17067,5.1     
17,069,17069,7.6     
17,071,17071,5.0     
17,073,17073,5.0     
17,075,17075,4.5     
17,077,17077,4.4     
17,079,17079,4.8     
17,081,17081,5.4     
17,083,17083,4.7     
17,085,17085,4.4     
17,087,17087,7.3     
17,089,17089,4.7     
17,091,17091,5.2     
17,093,17093,4.5     
17,095,17095,5.1     
17,097,17097,4.4     
17,099,17099,5.5     
17,101,17101,6.0     
17,103,17103,4.3     
17,105,17105,4.4     
17,107,17107,4.5     
17,109,17109,4.9     
17,111,17111,4.5     
17,113,17113,4.1     
17,115,17115,5.5     
17,117,17117,4.8     
17,119,17119,4.6     
17,121,17121,5.1     
17,123,17123,5.3     
17,125,17125,6.0     
17,127,17127,6.3     
17,129,17129,4.0     
17,131,17131,5.0     
17,133,17133,3.3     
17,135,17135,5.6     
17,137,17137,4.3     
17,139,17139,3.8     
17,141,17141,5.0     
17,143,17143,5.8     
17,145,17145,5.9     
17,147,17147,4.0     
17,149,17149,4.4     
17,151,17151,6.2     
17,153,17153,7.8     
17,155,17155,4.8     
17,157,17157,4.3     
17,159,17159,4.7     
17,161,17161,5.0     
17,163,17163,4.9     
17,165,17165,6.4     
17,167,17167,4.2     
17,169,17169,4.4     
17,171,17171,5.1     
17,173,17173,4.4     
17,175,17175,6.0     
17,177,17177,4.6     
17,179,17179,5.3     
17,181,17181,6.3     
17,183,17183,6.3     
17,185,17185,4.9     
17,187,17187,4.1     
17,189,17189,2.9     
17,191,17191,6.1     
17,193,17193,4.8     
17,195,17195,4.7     
17,197,17197,5.2     
17,199,17199,5.1     
17,201,17201,6.3     
17,203,17203,4.3     
18,001,18001,2.6     
18,003,18003,3.3     
18,005,18005,2.7     
18,007,18007,3.4     
18,009,18009,4.0     
18,011,18011,2.8     
18,013,18013,3.4     
18,015,18015,3.4     
18,017,18017,3.8     
18,019,18019,3.5     
18,021,18021,3.8     
18,023,18023,3.1     
18,025,18025,4.4     
18,027,18027,2.8     
18,029,18029,3.9     
18,031,18031,2.9     
18,033,18033,2.9     
18,035,18035,4.2     
18,037,18037,2.6     
18,039,18039,2.5     
18,041,18041,5.0     
18,043,18043,3.3     
18,045,18045,4.0     
18,047,18047,3.6     
18,049,18049,3.5     
18,051,18051,3.0     
18,053,18053,3.9     
18,055,18055,4.8     
18,057,18057,2.7     
18,059,18059,3.0     
18,061,18061,3.4     
18,063,18063,2.9     
18,065,18065,3.7     
18,067,18067,3.8     
18,069,18069,3.6     
18,071,18071,3.0     
18,073,18073,4.3     
18,075,18075,3.6     
18,077,18077,3.7     
18,079,18079,3.8     
18,081,18081,2.9     
18,083,18083,3.4     
18,085,18085,2.7     
18,087,18087,2.6     
18,089,18089,5.1     
18,091,18091,4.5     
18,093,18093,4.4     
18,095,18095,3.9     
18,097,18097,3.6     
18,099,18099,3.0     
18,101,18101,3.0     
18,103,18103,3.9     
18,105,18105,3.6     
18,107,18107,3.0     
18,109,18109,3.5     
18,111,18111,4.9     
18,113,18113,3.1     
18,115,18115,3.6     
18,117,18117,3.9     
18,119,18119,4.4     
18,121,18121,4.0     
18,123,18123,3.8     
18,125,18125,3.3     
18,127,18127,4.1     
18,129,18129,3.0     
18,131,18131,3.5     
18,133,18133,3.6     
18,135,18135,4.1     
18,137,18137,3.6     
18,139,18139,3.1     
18,141,18141,3.6     
18,143,18143,3.8     
18,145,18145,3.3     
18,147,18147,3.4     
18,149,18149,4.4     
18,151,18151,2.9     
18,153,18153,4.4     
18,155,18155,4.0     
18,157,18157,3.2     
18,159,18159,3.1     
18,161,18161,3.1     
18,163,18163,3.2     
18,165,18165,5.4     
18,167,18167,4.3     
18,169,18169,3.5     
18,171,18171,3.4     
18,173,18173,3.1     
18,175,18175,3.7     
18,177,18177,3.8     
18,179,18179,2.9     
18,181,18181,3.3     
18,183,18183,2.9     
19,001,19001,2.8     
19,003,19003,2.4     
19,005,19005,4.0     
19,007,19007,3.8     
19,009,19009,3.1     
19,011,19011,3.3     
19,013,19013,3.8     
19,015,19015,2.5     
19,017,19017,2.8     
19,019,19019,3.2     
19,021,19021,2.7     
19,023,19023,3.6     
19,025,19025,3.1     
19,027,19027,2.3     
19,029,19029,3.6     
19,031,19031,2.9     
19,033,19033,3.1     
19,035,19035,2.5     
19,037,19037,3.2     
19,039,19039,3.1     
19,041,19041,3.8     
19,043,19043,4.0     
19,045,19045,4.1     
19,047,19047,4.1     
19,049,19049,2.1     
19,051,19051,3.3     
19,053,19053,2.6     
19,055,19055,2.7     
19,057,19057,4.3     
19,059,19059,3.7     
19,061,19061,3.0     
19,063,19063,3.2     
19,065,19065,3.7     
19,067,19067,3.2     
19,069,19069,2.8     
19,071,19071,2.6     
19,073,19073,2.8     
19,075,19075,3.0     
19,077,19077,3.2     
19,079,19079,3.3     
19,081,19081,2.6     
19,083,19083,3.2     
19,085,19085,2.7     
19,087,19087,3.0     
19,089,19089,3.0     
19,091,19091,3.1     
19,093,19093,2.4     
19,095,19095,2.6     
19,097,19097,3.4     
19,099,19099,3.1     
19,101,19101,3.1     
19,103,19103,2.5     
19,105,19105,3.7     
19,107,19107,3.6     
19,109,19109,2.4     
19,111,19111,5.5     
19,113,19113,3.4     
19,115,19115,3.3     
19,117,19117,2.8     
19,119,19119,1.8     
19,121,19121,3.6     
19,123,19123,3.3     
19,125,19125,2.7     
19,127,19127,4.6     
19,129,19129,2.8     
19,131,19131,2.2     
19,133,19133,3.7     
19,135,19135,3.8     
19,137,19137,3.2     
19,139,19139,3.3     
19,141,19141,2.4     
19,143,19143,2.1     
19,145,19145,4.0     
19,147,19147,2.7     
19,149,19149,2.4     
19,151,19151,2.5     
19,153,19153,3.1     
19,155,19155,2.8     
19,157,19157,3.2     
19,159,19159,3.1     
19,161,19161,2.8     
19,163,19163,3.7     
19,165,19165,2.4     
19,167,19167,2.0     
19,169,19169,2.0     
19,171,19171,3.5     
19,173,19173,2.3     
19,175,19175,3.1     
19,177,19177,3.1     
19,179,19179,4.6     
19,181,19181,2.8     
19,183,19183,2.9     
19,185,19185,3.1     
19,187,19187,3.8     
19,189,19189,3.2     
19,191,19191,3.1     
19,193,19193,3.2     
19,195,19195,3.1     
19,197,19197,3.5     
20,001,20001,4.9     
20,003,20003,4.0     
20,005,20005,5.2     
20,007,20007,2.9     
20,009,20009,3.6     
20,011,20011,4.5     
20,013,20013,3.2     
20,015,20015,3.8     
20,017,20017,2.6     
20,019,20019,4.7     
20,021,20021,3.9     
20,023,20023,2.6     
20,025,20025,2.5     
20,027,20027,3.8     
20,029,20029,4.4     
20,031,20031,5.3     
20,033,20033,2.9     
20,035,20035,3.8     
20,037,20037,4.2     
20,039,20039,3.1     
20,041,20041,3.8     
20,043,20043,3.5     
20,045,20045,3.2     
20,047,20047,3.0     
20,049,20049,4.3     
20,051,20051,2.5     
20,053,20053,3.1     
20,055,20055,2.7     
20,057,20057,2.8     
20,059,20059,3.7     
20,061,20061,5.0     
20,063,20063,2.3     
20,065,20065,3.6     
20,067,20067,3.2     
20,069,20069,2.0     
20,071,20071,1.8     
20,073,20073,4.3     
20,075,20075,2.4     
20,077,20077,3.7     
20,079,20079,4.0     
20,081,20081,2.3     
20,083,20083,2.5     
20,085,20085,3.1     
20,087,20087,3.6     
20,089,20089,3.4     
20,091,20091,3.0     
20,093,20093,2.5     
20,095,20095,3.7     
20,097,20097,2.5     
20,099,20099,4.5     
20,101,20101,3.4     
20,103,20103,3.9     
20,105,20105,2.8     
20,107,20107,5.9     
20,109,20109,2.1     
20,111,20111,3.8     
20,113,20113,2.8     
20,115,20115,3.6     
20,117,20117,2.8     
20,119,20119,2.4     
20,121,20121,3.7     
20,123,20123,2.7     
20,125,20125,5.2     
20,127,20127,3.1     
20,129,20129,3.7     
20,131,20131,2.4     
20,133,20133,5.2     
20,135,20135,2.9     
20,137,20137,2.2     
20,139,20139,4.0     
20,141,20141,2.8     
20,143,20143,3.1     
20,145,20145,3.3     
20,147,20147,3.0     
20,149,20149,3.1     
20,151,20151,3.3     
20,153,20153,2.3     
20,155,20155,3.9     
20,157,20157,2.8     
20,159,20159,3.2     
20,161,20161,3.0     
20,163,20163,3.8     
20,165,20165,3.2     
20,167,20167,3.3     
20,169,20169,3.2     
20,171,20171,2.2     
20,173,20173,4.2     
20,175,20175,3.5     
20,177,20177,3.7     
20,179,20179,2.3     
20,181,20181,2.9     
20,183,20183,2.8     
20,185,20185,3.3     
20,187,20187,2.7     
20,189,20189,3.2     
20,191,20191,3.8     
20,193,20193,2.6     
20,195,20195,3.3     
20,197,20197,3.2     
20,199,20199,2.5     
20,201,20201,3.0     
20,203,20203,2.4     
20,205,20205,4.7     
20,207,20207,4.5     
20,209,20209,5.2     
21,001,21001,6.3     
21,003,21003,4.1     
21,005,21005,4.2     
21,007,21007,7.6     
21,009,21009,4.6     
21,011,21011,7.8     
21,013,21013,7.8     
21,015,21015,3.9     
21,017,21017,4.6     
21,019,21019,7.1     
21,021,21021,5.0     
21,023,21023,5.8     
21,025,21025,8.5     
21,027,21027,5.9     
21,029,21029,4.2     
21,031,21031,5.5     
21,033,21033,5.2     
21,035,21035,4.4     
21,037,21037,3.8     
21,039,21039,6.8     
21,041,21041,4.7     
21,043,21043,9.6     
21,045,21045,4.7     
21,047,21047,6.1     
21,049,21049,4.7     
21,051,21051,8.5     
21,053,21053,6.6     
21,055,21055,5.3     
21,057,21057,5.3     
21,059,21059,4.4     
21,061,21061,6.0     
21,063,21063,10.2     
21,065,21065,6.0     
21,067,21067,3.6     
21,069,21069,6.0     
21,071,21071,8.1     
21,073,21073,4.1     
21,075,21075,7.2     
21,077,21077,4.6     
21,079,21079,4.8     
21,081,21081,4.9     
21,083,21083,5.9     
21,085,21085,6.0     
21,087,21087,4.6     
21,089,21089,7.6     
21,091,21091,5.1     
21,093,21093,4.6     
21,095,21095,9.4     
21,097,21097,4.6     
21,099,21099,4.4     
21,101,21101,4.6     
21,103,21103,4.1     
21,105,21105,7.1     
21,107,21107,4.8     
21,109,21109,8.3     
21,111,21111,4.4     
21,113,21113,3.8     
21,115,21115,8.2     
21,117,21117,4.0     
21,119,21119,8.5     
21,121,21121,7.6     
21,123,21123,4.8     
21,125,21125,5.9     
21,127,21127,8.9     
21,129,21129,8.4     
21,131,21131,10.1     
21,133,21133,9.2     
21,135,21135,8.9     
21,137,21137,5.7     
21,139,21139,7.5     
21,141,21141,4.4     
21,143,21143,5.6     
21,145,21145,6.1     
21,147,21147,6.7     
21,149,21149,5.2     
21,151,21151,4.3     
21,153,21153,15.7     
21,155,21155,4.1     
21,157,21157,5.9     
21,159,21159,7.3     
21,161,21161,6.1     
21,163,21163,5.2     
21,165,21165,8.7     
21,167,21167,4.9     
21,169,21169,4.1     
21,171,21171,3.8     
21,173,21173,6.6     
21,175,21175,7.3     
21,177,21177,6.7     
21,179,21179,4.4     
21,181,21181,5.4     
21,183,21183,6.4     
21,185,21185,3.5     
21,187,21187,4.3     
21,189,21189,8.1     
21,191,21191,4.7     
21,193,21193,8.2     
21,195,21195,7.9     
21,197,21197,6.6     
21,199,21199,5.6     
21,201,21201,6.2     
21,203,21203,5.8     
21,205,21205,5.8     
21,207,21207,7.2     
21,209,21209,3.7     
21,211,21211,3.6     
21,213,21213,4.5     
21,215,21215,3.8     
21,217,21217,4.7     
21,219,21219,4.1     
21,221,21221,5.8     
21,223,21223,5.0     
21,225,21225,6.0     
21,227,21227,4.1     
21,229,21229,4.1     
21,231,21231,7.6     
21,233,21233,5.3     
21,235,21235,5.8     
21,237,21237,9.0     
21,239,21239,3.3     
22,001,22001,5.9     
22,003,22003,5.3     
22,005,22005,4.3     
22,007,22007,7.4     
22,009,22009,6.2     
22,011,22011,5.3     
22,013,22013,6.0     
22,015,22015,4.5     
22,017,22017,5.8     
22,019,22019,3.9     
22,021,22021,5.7     
22,023,22023,3.6     
22,025,22025,7.0     
22,027,22027,5.4     
22,029,22029,7.9     
22,031,22031,6.1     
22,033,22033,4.4     
22,035,22035,11.1     
22,037,22037,4.8     
22,039,22039,5.9     
22,041,22041,7.5     
22,043,22043,6.3     
22,045,22045,7.3     
22,047,22047,6.2     
22,049,22049,4.5     
22,051,22051,4.5     
22,053,22053,4.9     
22,055,22055,4.9     
22,057,22057,5.2     
22,059,22059,4.7     
22,061,22061,5.2     
22,063,22063,4.2     
22,065,22065,8.1     
22,067,22067,8.0     
22,069,22069,6.0     
22,071,22071,5.1     
22,073,22073,5.3     
22,075,22075,4.6     
22,077,22077,5.6     
22,079,22079,5.6     
22,081,22081,5.2     
22,083,22083,6.1     
22,085,22085,5.5     
22,087,22087,5.2     
22,089,22089,4.5     
22,091,22091,6.6     
22,093,22093,6.6     
22,095,22095,6.1     
22,097,22097,6.7     
22,099,22099,6.1     
22,101,22101,8.0     
22,103,22103,4.3     
22,105,22105,5.7     
22,107,22107,8.4     
22,109,22109,5.7     
22,111,22111,5.6     
22,113,22113,6.0     
22,115,22115,6.5     
22,117,22117,5.8     
22,119,22119,6.9     
22,121,22121,4.6     
22,123,22123,9.8     
22,125,22125,4.2     
22,127,22127,6.5     
23,001,23001,3.1     
23,003,23003,4.8     
23,005,23005,2.5     
23,007,23007,4.0     
23,009,23009,3.8     
23,011,23011,3.2     
23,013,23013,3.1     
23,015,23015,3.2     
23,017,23017,3.8     
23,019,23019,3.7     
23,021,23021,4.0     
23,023,23023,2.7     
23,025,23025,4.8     
23,027,23027,3.6     
23,029,23029,4.9     
23,031,23031,2.9     
24,001,24001,5.8     
24,003,24003,3.6     
24,005,24005,4.3     
24,009,24009,3.6     
24,011,24011,4.3     
24,013,24013,3.4     
24,015,24015,4.8     
24,017,24017,4.0     
24,019,24019,5.7     
24,021,24021,3.6     
24,023,24023,5.2     
24,025,24025,3.9     
24,027,24027,3.1     
24,029,24029,4.5     
24,031,24031,3.3     
24,033,24033,4.2     
24,035,24035,3.7     
24,037,24037,4.0     
24,039,24039,6.8     
24,041,24041,4.0     
24,043,24043,4.6     
24,045,24045,5.7     
24,047,24047,8.5     
24,510,24510,6.1     
25,001,25001,4.7     
25,003,25003,4.3     
25,005,25005,4.7     
25,007,25007,4.9     
25,009,25009,3.8     
25,011,25011,3.3     
25,013,25013,5.0     
25,015,25015,3.4     
25,017,25017,3.0     
25,019,25019,4.4     
25,021,25021,3.3     
25,023,25023,3.9     
25,025,25025,3.4     
25,027,25027,3.9     
26,001,26001,7.3     
26,003,26003,8.4     
26,005,26005,3.9     
26,007,26007,5.9     
26,009,26009,6.7     
26,011,26011,8.2     
26,013,26013,8.0     
26,015,26015,4.0     
26,017,26017,5.6     
26,019,26019,6.6     
26,021,26021,5.0     
26,023,26023,4.7     
26,025,26025,5.0     
26,027,26027,4.7     
26,029,26029,5.7     
26,031,26031,10.3     
26,033,26033,7.8     
26,035,26035,7.1     
26,037,26037,3.7     
26,039,26039,7.0     
26,041,26041,6.4     
26,043,26043,4.9     
26,045,26045,4.2     
26,047,26047,6.6     
26,049,26049,5.8     
26,051,26051,6.7     
26,053,26053,6.1     
26,055,26055,4.3     
26,057,26057,5.5     
26,059,26059,5.0     
26,061,26061,6.1     
26,063,26063,5.3     
26,065,26065,4.4     
26,067,26067,4.0     
26,069,26069,7.5     
26,071,26071,6.5     
26,073,26073,4.6     
26,075,26075,4.7     
26,077,26077,4.1     
26,079,26079,7.1     
26,081,26081,3.5     
26,083,26083,8.7     
26,085,26085,8.1     
26,087,26087,5.4     
26,089,26089,4.9     
26,091,26091,4.8     
26,093,26093,3.3     
26,095,26095,6.9     
26,097,26097,10.2     
26,099,26099,4.3     
26,101,26101,6.6     
26,103,26103,5.7     
26,105,26105,5.8     
26,107,26107,5.8     
26,109,26109,5.0     
26,111,26111,4.8     
26,113,26113,6.0     
26,115,26115,4.9     
26,117,26117,5.1     
26,119,26119,10.8     
26,121,26121,5.4     
26,123,26123,5.0     
26,125,26125,3.4     
26,127,26127,7.2     
26,129,26129,7.8     
26,131,26131,9.1     
26,133,26133,6.1     
26,135,26135,7.5     
26,137,26137,6.1     
26,139,26139,3.3     
26,141,26141,9.5     
26,143,26143,8.9     
26,145,26145,5.5     
26,147,26147,5.0     
26,149,26149,4.3     
26,151,26151,6.0     
26,153,26153,8.5     
26,155,26155,5.3     
26,157,26157,6.4     
26,159,26159,5.8     
26,161,26161,3.6     
26,163,26163,5.4     
26,165,26165,5.7     
27,001,27001,6.2     
27,003,27003,3.3     
27,005,27005,4.2     
27,007,27007,4.9     
27,009,27009,4.0     
27,011,27011,4.4     
27,013,27013,2.9     
27,015,27015,3.7     
27,017,27017,4.8     
27,019,27019,2.9     
27,021,27021,5.9     
27,023,27023,4.0     
27,025,27025,4.0     
27,027,27027,3.2     
27,029,27029,8.7     
27,031,27031,3.7     
27,033,27033,5.3     
27,035,27035,4.5     
27,037,27037,3.0     
27,039,27039,3.4     
27,041,27041,3.2     
27,043,27043,4.2     
27,045,27045,3.5     
27,047,27047,3.7     
27,049,27049,3.2     
27,051,27051,4.1     
27,053,27053,3.0     
27,055,27055,3.4     
27,057,27057,5.6     
27,059,27059,4.3     
27,061,27061,7.0     
27,063,27063,3.7     
27,065,27065,6.1     
27,067,27067,3.3     
27,069,27069,3.8     
27,071,27071,7.0     
27,073,27073,3.5     
27,075,27075,3.9     
27,077,27077,4.7     
27,079,27079,4.7     
27,081,27081,3.3     
27,083,27083,3.2     
27,085,27085,3.8     
27,087,27087,4.9     
27,089,27089,7.0     
27,091,27091,3.5     
27,093,27093,4.1     
27,095,27095,5.5     
27,097,27097,5.4     
27,099,27099,2.8     
27,101,27101,4.3     
27,103,27103,2.5     
27,105,27105,3.2     
27,107,27107,4.8     
27,109,27109,2.7     
27,111,27111,4.0     
27,113,27113,5.7     
27,115,27115,5.6     
27,117,27117,3.4     
27,119,27119,4.2     
27,121,27121,3.1     
27,123,27123,3.2     
27,125,27125,6.6     
27,127,27127,4.1     
27,129,27129,4.5     
27,131,27131,3.2     
27,133,27133,2.1     
27,135,27135,4.9     
27,137,27137,4.6     
27,139,27139,2.9     
27,141,27141,3.7     
27,143,27143,3.6     
27,145,27145,3.4     
27,147,27147,3.4     
27,149,27149,2.7     
27,151,27151,4.1     
27,153,27153,4.0     
27,155,27155,3.5     
27,157,27157,3.3     
27,159,27159,5.6     
27,161,27161,3.9     
27,163,27163,3.0     
27,165,27165,4.4     
27,167,27167,3.1     
27,169,27169,3.1     
27,171,27171,3.5     
27,173,27173,3.5     
28,001,28001,7.3     
28,003,28003,4.4     
28,005,28005,6.7     
28,007,28007,6.1     
28,009,28009,5.5     
28,011,28011,6.5     
28,013,28013,4.3     
28,015,28015,5.8     
28,017,28017,5.2     
28,019,28019,4.9     
28,021,28021,9.8     
28,023,28023,6.2     
28,025,28025,6.7     
28,027,28027,7.3     
28,029,28029,5.7     
28,031,28031,4.8     
28,033,28033,3.8     
28,035,28035,4.8     
28,037,28037,6.8     
28,039,28039,7.1     
28,041,28041,7.5     
28,043,28043,4.6     
28,045,28045,5.4     
28,047,28047,4.8     
28,049,28049,4.8     
28,051,28051,9.5     
28,053,28053,9.1     
28,055,28055,11.6     
28,057,28057,4.3     
28,059,28059,5.8     
28,061,28061,6.6     
28,063,28063,14.7     
28,065,28065,6.9     
28,067,28067,5.1     
28,069,28069,7.9     
28,071,28071,4.2     
28,073,28073,3.8     
28,075,28075,5.4     
28,077,28077,6.5     
28,079,28079,5.6     
28,081,28081,4.1     
28,083,28083,7.4     
28,085,28085,5.2     
28,087,28087,5.4     
28,089,28089,3.9     
28,091,28091,5.5     
28,093,28093,5.1     
28,095,28095,5.2     
28,097,28097,5.1     
28,099,28099,5.1     
28,101,28101,5.4     
28,103,28103,7.4     
28,105,28105,4.8     
28,107,28107,6.8     
28,109,28109,5.3     
28,111,28111,6.3     
28,113,28113,6.0     
28,115,28115,3.9     
28,117,28117,4.6     
28,119,28119,8.7     
28,121,28121,3.6     
28,123,28123,4.0     
28,125,28125,7.7     
28,127,28127,4.8     
28,129,28129,4.7     
28,131,28131,6.1     
28,133,28133,8.2     
28,135,28135,5.3     
28,137,28137,5.0     
28,139,28139,4.5     
28,141,28141,5.0     
28,143,28143,5.8     
28,145,28145,3.6     
28,147,28147,6.8     
28,149,28149,5.7     
28,151,28151,7.4     
28,153,28153,6.3     
28,155,28155,5.2     
28,157,28157,8.7     
28,159,28159,6.0     
28,161,28161,5.5     
28,163,28163,6.0     
29,001,29001,4.4     
29,003,29003,3.1     
29,005,29005,3.5     
29,007,29007,3.5     
29,009,29009,3.4     
29,011,29011,4.2     
29,013,29013,4.4     
29,015,29015,5.2     
29,017,29017,4.4     
29,019,29019,2.6     
29,021,29021,3.5     
29,023,29023,4.6     
29,025,29025,4.0     
29,027,29027,3.5     
29,029,29029,4.8     
29,031,29031,3.4     
29,033,29033,4.2     
29,035,29035,6.0     
29,037,29037,3.5     
29,039,29039,4.1     
29,041,29041,3.5     
29,043,29043,3.1     
29,045,29045,5.7     
29,047,29047,3.6     
29,049,29049,3.9     
29,051,29051,2.9     
29,053,29053,3.7     
29,055,29055,4.7     
29,057,29057,3.4     
29,059,29059,4.7     
29,061,29061,3.3     
29,063,29063,3.8     
29,065,29065,4.3     
29,067,29067,4.7     
29,069,29069,6.7     
29,071,29071,3.6     
29,073,29073,3.9     
29,075,29075,2.9     
29,077,29077,3.0     
29,079,29079,3.6     
29,081,29081,3.5     
29,083,29083,4.2     
29,085,29085,4.5     
29,087,29087,2.9     
29,089,29089,3.9     
29,091,29091,4.9     
29,093,29093,6.5     
29,095,29095,4.4     
29,097,29097,3.3     
29,099,29099,3.6     
29,101,29101,4.4     
29,103,29103,3.3     
29,105,29105,4.9     
29,107,29107,3.7     
29,109,29109,3.6     
29,111,29111,3.5     
29,113,29113,3.6     
29,115,29115,5.9     
29,117,29117,3.0     
29,119,29119,3.6     
29,121,29121,3.7     
29,123,29123,4.7     
29,125,29125,4.4     
29,127,29127,3.6     
29,129,29129,3.8     
29,131,29131,4.5     
29,133,29133,5.1     
29,135,29135,3.6     
29,137,29137,4.4     
29,139,29139,3.3     
29,141,29141,5.0     
29,143,29143,6.7     
29,145,29145,3.6     
29,147,29147,3.7     
29,149,29149,4.7     
29,151,29151,3.0     
29,153,29153,5.9     
29,155,29155,7.6     
29,157,29157,2.7     
29,159,29159,4.2     
29,161,29161,3.8     
29,163,29163,3.5     
29,165,29165,3.2     
29,167,29167,4.0     
29,169,29169,4.4     
29,171,29171,3.9     
29,173,29173,3.2     
29,175,29175,4.6     
29,177,29177,4.8     
29,179,29179,4.1     
29,181,29181,5.7     
29,183,29183,2.9     
29,185,29185,5.2     
29,186,29186,3.7     
29,187,29187,4.4     
29,189,29189,3.4     
29,195,29195,3.7     
29,197,29197,5.0     
29,199,29199,3.2     
29,201,29201,4.5     
29,203,29203,6.2     
29,205,29205,3.5     
29,207,29207,5.1     
29,209,29209,5.6     
29,211,29211,4.1     
29,213,29213,6.1     
29,215,29215,5.0     
29,217,29217,3.9     
29,219,29219,3.2     
29,221,29221,5.5     
29,223,29223,5.1     
29,225,29225,3.9     
29,227,29227,2.6     
29,229,29229,5.0     
29,510,29510,4.4     
30,001,30001,3.1     
30,003,30003,13.4     
30,005,30005,4.1     
30,007,30007,4.7     
30,009,30009,3.7     
30,011,30011,2.6     
30,013,30013,3.8     
30,015,30015,3.3     
30,017,30017,3.2     
30,019,30019,2.3     
30,021,30021,3.2     
30,023,30023,3.6     
30,025,30025,2.7     
30,027,30027,4.0     
30,029,30029,5.2     
30,031,30031,2.8     
30,033,30033,2.9     
30,035,30035,8.0     
30,037,30037,5.0     
30,039,30039,5.9     
30,041,30041,3.8     
30,043,30043,4.3     
30,045,30045,3.7     
30,047,30047,4.4     
30,049,30049,3.5     
30,051,30051,3.1     
30,053,30053,8.5     
30,055,30055,2.2     
30,057,30057,4.0     
30,059,30059,4.5     
30,061,30061,7.6     
30,063,30063,3.6     
30,065,30065,4.4     
30,067,30067,4.0     
30,069,30069,4.7     
30,071,30071,4.5     
30,073,30073,3.9     
30,075,30075,2.6     
30,077,30077,4.4     
30,079,30079,3.6     
30,081,30081,4.7     
30,083,30083,3.8     
30,085,30085,4.7     
30,087,30087,5.2     
30,089,30089,7.0     
30,091,30091,2.7     
30,093,30093,4.2     
30,095,30095,3.9     
30,097,30097,3.1     
30,099,30099,4.0     
30,101,30101,3.1     
30,103,30103,3.8     
30,105,30105,3.3     
30,107,30107,4.4     
30,109,30109,3.3     
30,111,30111,3.5     
31,001,31001,3.1     
31,003,31003,2.5     
31,005,31005,5.4     
31,007,31007,3.8     
31,009,31009,4.2     
31,011,31011,2.5     
31,013,31013,3.3     
31,015,31015,3.3     
31,017,31017,3.2     
31,019,31019,2.4     
31,021,31021,3.7     
31,023,31023,2.8     
31,025,31025,3.2     
31,027,31027,2.3     
31,029,31029,1.9     
31,031,31031,2.3     
31,033,31033,2.9     
31,035,31035,3.1     
31,037,31037,2.4     
31,039,31039,2.7     
31,041,31041,2.2     
31,043,31043,4.1     
31,045,31045,2.8     
31,047,31047,2.9     
31,049,31049,2.6     
31,051,31051,3.2     
31,053,31053,2.8     
31,055,31055,3.2     
31,057,31057,2.4     
31,059,31059,2.5     
31,061,31061,3.0     
31,063,31063,2.6     
31,065,31065,2.4     
31,067,31067,3.5     
31,069,31069,2.8     
31,071,31071,2.5     
31,073,31073,2.6     
31,075,31075,2.3     
31,077,31077,3.1     
31,079,31079,3.4     
31,081,31081,2.5     
31,083,31083,2.6     
31,085,31085,2.5     
31,087,31087,3.4     
31,089,31089,2.5     
31,091,31091,3.8     
31,093,31093,3.1     
31,095,31095,2.4     
31,097,31097,3.4     
31,099,31099,2.2     
31,101,31101,3.0     
31,103,31103,2.5     
31,105,31105,2.9     
31,107,31107,3.5     
31,109,31109,2.6     
31,111,31111,3.0     
31,113,31113,2.8     
31,115,31115,3.1     
31,117,31117,2.2     
31,119,31119,2.6     
31,121,31121,2.8     
31,123,31123,2.9     
31,125,31125,2.5     
31,127,31127,3.9     
31,129,31129,2.6     
31,131,31131,3.4     
31,133,31133,3.1     
31,135,31135,2.0     
31,137,31137,2.3     
31,139,31139,2.7     
31,141,31141,2.9     
31,143,31143,2.4     
31,145,31145,2.5     
31,147,31147,3.3     
31,149,31149,2.6     
31,151,31151,3.1     
31,153,31153,2.8     
31,155,31155,2.8     
31,157,31157,3.4     
31,159,31159,2.7     
31,161,31161,2.6     
31,163,31163,2.9     
31,165,31165,3.0     
31,167,31167,2.8     
31,169,31169,2.2     
31,171,31171,3.2     
31,173,31173,5.0     
31,175,31175,2.7     
31,177,31177,3.1     
31,179,31179,2.4     
31,181,31181,3.0     
31,183,31183,2.3     
31,185,31185,2.6     
32,001,32001,4.4     
32,003,32003,5.2     
32,005,32005,4.8     
32,007,32007,3.7     
32,009,32009,3.8     
32,011,32011,3.1     
32,013,32013,4.2     
32,015,32015,4.5     
32,017,32017,4.7     
32,019,32019,6.0     
32,021,32021,5.5     
32,023,32023,6.4     
32,027,32027,4.5     
32,029,32029,5.0     
32,031,32031,4.2     
32,033,32033,4.0     
32,510,32510,5.1     
33,001,33001,2.6     
33,003,33003,2.6     
33,005,33005,2.6     
33,007,33007,3.4     
33,009,33009,2.2     
33,011,33011,2.8     
33,013,33013,2.4     
33,015,33015,2.9     
33,017,33017,2.4     
33,019,33019,2.2     
34,001,34001,7.2     
34,003,34003,3.9     
34,005,34005,4.1     
34,007,34007,5.1     
34,009,34009,9.1     
34,011,34011,7.0     
34,013,34013,5.7     
34,015,34015,4.7     
34,017,34017,4.4     
34,019,34019,3.5     
34,021,34021,4.1     
34,023,34023,4.1     
34,025,34025,4.1     
34,027,34027,3.6     
34,029,34029,4.8     
34,031,34031,5.7     
34,033,34033,6.1     
34,035,34035,3.8     
34,037,34037,4.4     
34,039,34039,4.8     
34,041,34041,4.2     
35,001,35001,5.5     
35,003,35003,6.9     
35,005,35005,6.4     
35,006,35006,7.9     
35,007,35007,6.0     
35,009,35009,4.8     
35,011,35011,4.5     
35,013,35013,6.9     
35,015,35015,5.3     
35,017,35017,6.2     
35,019,35019,6.4     
35,021,35021,6.5     
35,023,35023,5.2     
35,025,35025,6.6     
35,027,35027,5.5     
35,028,35028,3.8     
35,029,35029,14.1     
35,031,35031,8.7     
35,033,35033,7.9     
35,035,35035,6.1     
35,037,35037,6.2     
35,039,35039,6.4     
35,041,35041,5.3     
35,043,35043,6.2     
35,045,35045,7.2     
35,047,35047,7.4     
35,049,35049,5.1     
35,051,35051,7.9     
35,053,35053,6.5     
35,055,35055,7.9     
35,057,35057,8.6     
35,059,35059,3.8     
35,061,35061,6.7     
36,001,36001,4.3     
36,003,36003,6.7     
36,005,36005,6.2     
36,007,36007,5.6     
36,009,36009,6.2     
36,011,36011,5.1     
36,013,36013,6.1     
36,015,36015,5.6     
36,017,36017,5.4     
36,019,36019,5.4     
36,021,36021,3.8     
36,023,36023,5.9     
36,025,36025,5.6     
36,027,36027,4.3     
36,029,36029,5.2     
36,031,36031,5.6     
36,033,36033,6.1     
36,035,36035,5.8     
36,037,36037,4.9     
36,039,36039,5.3     
36,041,36041,7.6     
36,043,36043,5.8     
36,045,36045,6.6     
36,047,36047,4.6     
36,049,36049,6.7     
36,051,36051,5.1     
36,053,36053,5.6     
36,055,36055,5.0     
36,057,36057,5.8     
36,059,36059,4.1     
36,061,36061,4.0     
36,063,36063,6.2     
36,065,36065,5.1     
36,067,36067,4.7     
36,069,36069,4.5     
36,071,36071,4.6     
36,073,36073,5.9     
36,075,36075,6.5     
36,077,36077,5.1     
36,079,36079,4.3     
36,081,36081,4.0     
36,083,36083,4.5     
36,085,36085,4.6     
36,087,36087,4.4     
36,089,36089,6.8     
36,091,36091,4.0     
36,093,36093,4.5     
36,095,36095,5.5     
36,097,36097,5.9     
36,099,36099,4.6     
36,101,36101,5.8     
36,103,36103,4.5     
36,105,36105,4.9     
36,107,36107,5.2     
36,109,36109,4.4     
36,111,36111,4.6     
36,113,36113,5.3     
36,115,36115,4.7     
36,117,36117,5.0     
36,119,36119,4.6     
36,121,36121,5.7     
36,123,36123,4.5     
37,001,37001,4.3     
37,003,37003,3.7     
37,005,37005,5.2     
37,007,37007,5.3     
37,009,37009,4.2     
37,011,37011,4.4     
37,013,37013,5.1     
37,015,37015,6.1     
37,017,37017,6.0     
37,019,37019,5.7     
37,021,37021,3.5     
37,023,37023,4.3     
37,025,37025,4.2     
37,027,37027,4.5     
37,029,37029,4.5     
37,031,37031,4.5     
37,033,37033,4.9     
37,035,37035,4.2     
37,037,37037,3.9     
37,039,37039,5.1     
37,041,37041,5.5     
37,043,37043,5.0     
37,045,37045,4.7     
37,047,37047,5.6     
37,049,37049,4.7     
37,051,37051,5.8     
37,053,37053,4.5     
37,055,37055,6.0     
37,057,37057,4.3     
37,059,37059,4.0     
37,061,37061,4.9     
37,063,37063,4.1     
37,065,37065,7.8     
37,067,37067,4.4     
37,069,37069,4.7     
37,071,37071,4.6     
37,073,37073,4.5     
37,075,37075,6.8     
37,077,37077,3.9     
37,079,37079,4.5     
37,081,37081,4.8     
37,083,37083,7.4     
37,085,37085,5.1     
37,087,37087,4.1     
37,089,37089,3.9     
37,091,37091,5.8     
37,093,37093,5.8     
37,095,37095,8.5     
37,097,37097,4.3     
37,099,37099,4.8     
37,101,37101,4.2     
37,103,37103,4.5     
37,105,37105,5.2     
37,107,37107,4.6     
37,109,37109,4.0     
37,111,37111,4.2     
37,113,37113,4.7     
37,115,37115,4.3     
37,117,37117,5.8     
37,119,37119,4.3     
37,121,37121,5.3     
37,123,37123,4.6     
37,125,37125,4.5     
37,127,37127,6.1     
37,129,37129,4.2     
37,131,37131,6.3     
37,133,37133,5.1     
37,135,37135,3.8     
37,137,37137,4.8     
37,139,37139,5.6     
37,141,37141,4.7     
37,143,37143,5.8     
37,145,37145,4.7     
37,147,37147,4.9     
37,149,37149,4.2     
37,151,37151,4.4     
37,153,37153,6.1     
37,155,37155,6.6     
37,157,37157,5.2     
37,159,37159,4.7     
37,161,37161,6.2     
37,163,37163,4.8     
37,165,37165,7.8     
37,167,37167,4.2     
37,169,37169,4.3     
37,171,37171,4.3     
37,173,37173,5.1     
37,175,37175,4.4     
37,177,37177,7.6     
37,179,37179,4.0     
37,181,37181,6.3     
37,183,37183,3.9     
37,185,37185,6.9     
37,187,37187,6.8     
37,189,37189,4.1     
37,191,37191,5.1     
37,193,37193,4.3     
37,195,37195,7.3     
37,197,37197,4.0     
37,199,37199,4.6     
38,001,38001,2.4     
38,003,38003,2.7     
38,005,38005,3.5     
38,007,38007,3.0     
38,009,38009,3.3     
38,011,38011,1.7     
38,013,38013,3.1     
38,015,38015,2.4     
38,017,38017,2.1     
38,019,38019,2.6     
38,021,38021,1.8     
38,023,38023,1.7     
38,025,38025,2.1     
38,027,38027,4.6     
38,029,38029,4.0     
38,031,38031,2.4     
38,033,38033,2.0     
38,035,38035,2.2     
38,037,38037,2.9     
38,039,38039,2.9     
38,041,38041,1.9     
38,043,38043,3.5     
38,045,38045,1.9     
38,047,38047,2.5     
38,049,38049,4.2     
38,051,38051,2.6     
38,053,38053,2.5     
38,055,38055,3.1     
38,057,38057,4.0     
38,059,38059,3.0     
38,061,38061,2.0     
38,063,38063,3.1     
38,065,38065,4.2     
38,067,38067,4.1     
38,069,38069,3.2     
38,071,38071,2.7     
38,073,38073,1.9     
38,075,38075,2.5     
38,077,38077,2.4     
38,079,38079,10.2     
38,081,38081,2.0     
38,083,38083,4.5     
38,085,38085,3.6     
38,087,38087,1.9     
38,089,38089,2.7     
38,091,38091,1.7     
38,093,38093,2.3     
38,095,38095,2.5     
38,097,38097,2.4     
38,099,38099,3.3     
38,101,38101,3.2     
38,103,38103,3.2     
38,105,38105,2.5     
39,001,39001,7.2     
39,003,39003,5.0     
39,005,39005,4.9     
39,007,39007,5.9     
39,009,39009,6.1     
39,011,39011,3.7     
39,013,39013,6.3     
39,015,39015,5.7     
39,017,39017,4.4     
39,019,39019,5.9     
39,021,39021,4.2     
39,023,39023,4.8     
39,025,39025,4.4     
39,027,39027,5.4     
39,029,39029,6.0     
39,031,39031,6.8     
39,033,39033,5.7     
39,035,39035,5.9     
39,037,39037,4.2     
39,039,39039,4.9     
39,041,39041,3.5     
39,043,39043,6.2     
39,045,39045,4.3     
39,047,39047,4.2     
39,049,39049,4.0     
39,051,39051,4.9     
39,053,39053,6.7     
39,055,39055,4.8     
39,057,39057,4.3     
39,059,39059,6.1     
39,061,39061,4.4     
39,063,39063,3.6     
39,065,39065,5.0     
39,067,39067,6.0     
39,069,39069,5.2     
39,071,39071,6.0     
39,073,39073,5.4     
39,075,39075,3.6     
39,077,39077,6.5     
39,079,39079,7.1     
39,081,39081,7.3     
39,083,39083,4.5     
39,085,39085,5.2     
39,087,39087,5.8     
39,089,39089,4.2     
39,091,39091,4.1     
39,093,39093,6.2     
39,095,39095,5.9     
39,097,39097,3.8     
39,099,39099,6.9     
39,101,39101,5.1     
39,103,39103,4.7     
39,105,39105,8.1     
39,107,39107,3.1     
39,109,39109,4.2     
39,111,39111,8.5     
39,113,39113,4.9     
39,115,39115,6.8     
39,117,39117,4.9     
39,119,39119,5.7     
39,121,39121,7.2     
39,123,39123,6.7     
39,125,39125,4.4     
39,127,39127,6.0     
39,129,39129,4.6     
39,131,39131,6.9     
39,133,39133,5.0     
39,135,39135,4.5     
39,137,39137,3.6     
39,139,39139,5.5     
39,141,39141,5.1     
39,143,39143,4.7     
39,145,39145,7.1     
39,147,39147,4.8     
39,149,39149,4.1     
39,151,39151,5.2     
39,153,39153,5.1     
39,155,39155,7.2     
39,157,39157,5.0     
39,159,39159,3.7     
39,161,39161,4.0     
39,163,39163,6.8     
39,165,39165,4.1     
39,167,39167,6.2     
39,169,39169,3.9     
39,171,39171,4.4     
39,173,39173,4.4     
39,175,39175,3.7     
40,001,40001,5.0     
40,003,40003,2.7     
40,005,40005,5.3     
40,007,40007,2.6     
40,009,40009,4.0     
40,011,40011,2.9     
40,013,40013,3.8     
40,015,40015,4.5     
40,017,40017,3.6     
40,019,40019,4.6     
40,021,40021,5.5     
40,023,40023,6.2     
40,025,40025,2.4     
40,027,40027,3.5     
40,029,40029,5.4     
40,031,40031,4.4     
40,033,40033,4.0     
40,035,40035,4.5     
40,037,40037,5.0     
40,039,40039,3.3     
40,041,40041,4.4     
40,043,40043,3.0     
40,045,40045,3.3     
40,047,40047,3.9     
40,049,40049,4.2     
40,051,40051,4.1     
40,053,40053,2.6     
40,055,40055,5.3     
40,057,40057,3.8     
40,059,40059,3.1     
40,061,40061,6.6     
40,063,40063,5.6     
40,065,40065,3.8     
40,067,40067,5.6     
40,069,40069,4.1     
40,071,40071,5.5     
40,073,40073,2.8     
40,075,40075,5.4     
40,077,40077,7.5     
40,079,40079,5.8     
40,081,40081,4.4     
40,083,40083,3.7     
40,085,40085,3.0     
40,087,40087,3.6     
40,089,40089,6.3     
40,091,40091,7.8     
40,093,40093,3.2     
40,095,40095,4.7     
40,097,40097,4.8     
40,099,40099,3.7     
40,101,40101,5.2     
40,103,40103,3.3     
40,105,40105,5.5     
40,107,40107,6.1     
40,109,40109,4.0     
40,111,40111,6.3     
40,113,40113,5.1     
40,115,40115,4.4     
40,117,40117,5.4     
40,119,40119,3.6     
40,121,40121,5.4     
40,123,40123,3.8     
40,125,40125,4.2     
40,127,40127,6.2     
40,129,40129,3.3     
40,131,40131,4.4     
40,133,40133,5.9     
40,135,40135,5.5     
40,137,40137,6.3     
40,139,40139,3.1     
40,141,40141,4.3     
40,143,40143,4.3     
40,145,40145,4.4     
40,147,40147,4.6     
40,149,40149,4.5     
40,151,40151,2.7     
40,153,40153,4.2     
41,001,41001,5.5     
41,003,41003,3.3     
41,005,41005,3.7     
41,007,41007,4.1     
41,009,41009,5.2     
41,011,41011,5.5     
41,013,41013,6.3     
41,015,41015,6.1     
41,017,41017,4.2     
41,019,41019,5.4     
41,021,41021,4.2     
41,023,41023,6.8     
41,025,41025,6.3     
41,027,41027,3.6     
41,029,41029,4.8     
41,031,41031,5.6     
41,033,41033,5.4     
41,035,41035,5.9     
41,037,41037,5.7     
41,039,41039,4.5     
41,041,41041,4.7     
41,043,41043,4.8     
41,045,41045,4.7     
41,047,41047,4.3     
41,049,41049,4.4     
41,051,41051,3.6     
41,053,41053,4.3     
41,055,41055,4.8     
41,057,41057,4.3     
41,059,41059,4.8     
41,061,41061,5.3     
41,063,41063,5.6     
41,065,41065,4.1     
41,067,41067,3.5     
41,069,41069,3.9     
41,071,41071,3.8     
42,001,42001,3.7     
42,003,42003,4.8     
42,005,42005,6.1     
42,007,42007,5.5     
42,009,42009,5.2     
42,011,42011,4.6     
42,013,42013,4.8     
42,015,42015,5.1     
42,017,42017,4.2     
42,019,42019,4.6     
42,021,42021,6.1     
42,023,42023,6.9     
42,025,42025,5.6     
42,027,42027,3.7     
42,029,42029,3.6     
42,031,42031,5.6     
42,033,42033,6.0     
42,035,42035,6.2     
42,037,42037,5.2     
42,039,42039,5.5     
42,041,42041,3.8     
42,043,42043,4.5     
42,045,42045,4.5     
42,047,42047,4.9     
42,049,42049,5.8     
42,051,42051,6.9     
42,053,42053,6.7     
42,055,42055,4.5     
42,057,42057,5.1     
42,059,42059,5.9     
42,061,42061,6.0     
42,063,42063,5.9     
42,065,42065,5.6     
42,067,42067,4.6     
42,069,42069,5.1     
42,071,42071,3.8     
42,073,42073,6.1     
42,075,42075,4.1     
42,077,42077,5.0     
42,079,42079,5.9     
42,081,42081,5.6     
42,083,42083,6.2     
42,085,42085,5.5     
42,087,42087,5.3     
42,089,42089,5.9     
42,091,42091,3.9     
42,093,42093,3.9     
42,095,42095,4.9     
42,097,42097,5.7     
42,099,42099,4.3     
42,101,42101,6.2     
42,103,42103,5.9     
42,105,42105,6.6     
42,107,42107,5.9     
42,109,42109,4.4     
42,111,42111,6.1     
42,113,42113,5.8     
42,115,42115,4.7     
42,117,42117,6.0     
42,119,42119,4.4     
42,121,42121,6.1     
42,123,42123,5.3     
42,125,42125,5.2     
42,127,42127,5.1     
42,129,42129,5.2     
42,131,42131,5.3     
42,133,42133,4.4     
44,001,44001,3.8     
44,003,44003,4.1     
44,005,44005,3.9     
44,007,44007,4.8     
44,009,44009,4.0     
45,001,45001,4.6     
45,003,45003,4.1     
45,005,45005,6.9     
45,007,45007,3.9     
45,009,45009,7.4     
45,011,45011,6.0     
45,013,45013,4.0     
45,015,45015,3.8     
45,017,45017,5.2     
45,019,45019,3.5     
45,021,45021,4.9     
45,023,45023,6.0     
45,025,45025,4.4     
45,027,45027,6.0     
45,029,45029,4.8     
45,031,45031,5.3     
45,033,45033,5.7     
45,035,45035,3.8     
45,037,45037,4.6     
45,039,45039,7.4     
45,041,45041,4.6     
45,043,45043,5.5     
45,045,45045,3.7     
45,047,45047,4.5     
45,049,45049,4.5     
45,051,45051,5.0     
45,053,45053,3.6     
45,055,45055,4.5     
45,057,45057,4.6     
45,059,45059,4.4     
45,061,45061,6.0     
45,063,45063,3.6     
45,065,45065,4.6     
45,067,45067,7.4     
45,069,45069,6.6     
45,071,45071,4.2     
45,073,45073,4.4     
45,075,45075,7.1     
45,077,45077,4.1     
45,079,45079,4.3     
45,081,45081,3.9     
45,083,45083,4.0     
45,085,45085,5.3     
45,087,45087,5.4     
45,089,45089,6.3     
45,091,45091,4.0     
46,003,46003,2.8     
46,005,46005,2.9     
46,007,46007,4.5     
46,009,46009,3.1     
46,011,46011,3.2     
46,013,46013,3.0     
46,015,46015,3.0     
46,017,46017,7.5     
46,019,46019,3.7     
46,021,46021,3.5     
46,023,46023,3.7     
46,025,46025,4.6     
46,027,46027,3.3     
46,029,46029,3.4     
46,031,46031,4.2     
46,033,46033,4.3     
46,035,46035,2.9     
46,037,46037,4.1     
46,039,46039,4.8     
46,041,46041,10.2     
46,043,46043,3.0     
46,045,46045,2.8     
46,047,46047,4.2     
46,049,46049,3.2     
46,051,46051,3.6     
46,053,46053,3.6     
46,055,46055,2.9     
46,057,46057,3.7     
46,059,46059,2.5     
46,061,46061,4.1     
46,063,46063,3.3     
46,065,46065,2.8     
46,067,46067,3.1     
46,069,46069,3.2     
46,071,46071,5.8     
46,073,46073,2.4     
46,075,46075,3.0     
46,077,46077,3.2     
46,079,46079,3.9     
46,081,46081,3.3     
46,083,46083,2.5     
46,085,46085,5.0     
46,087,46087,2.8     
46,089,46089,3.5     
46,091,46091,4.6     
46,093,46093,3.5     
46,095,46095,5.0     
46,097,46097,3.0     
46,099,46099,2.8     
46,101,46101,3.7     
46,102,46102,11.8     
46,103,46103,3.4     
46,105,46105,3.0     
46,107,46107,3.4     
46,109,46109,4.8     
46,111,46111,3.5     
46,115,46115,3.5     
46,117,46117,3.3     
46,119,46119,3.2     
46,121,46121,6.6     
46,123,46123,2.9     
46,125,46125,3.2     
46,127,46127,3.7     
46,129,46129,5.1     
46,135,46135,3.0     
46,137,46137,5.2     
47,001,47001,3.9     
47,003,47003,3.9     
47,005,47005,5.4     
47,007,47007,5.9     
47,009,47009,3.5     
47,011,47011,3.7     
47,013,47013,5.1     
47,015,47015,3.5     
47,017,47017,5.2     
47,019,47019,4.5     
47,021,47021,3.0     
47,023,47023,4.0     
47,025,47025,4.7     
47,027,47027,5.1     
47,029,47029,5.2     
47,031,47031,3.6     
47,033,47033,4.1     
47,035,47035,4.6     
47,037,47037,2.7     
47,039,47039,5.2     
47,041,47041,4.7     
47,043,47043,3.3     
47,045,47045,4.8     
47,047,47047,4.0     
47,049,47049,4.5     
47,051,47051,3.8     
47,053,47053,4.6     
47,055,47055,3.4     
47,057,47057,4.2     
47,059,47059,4.5     
47,061,47061,5.0     
47,063,47063,4.0     
47,065,47065,3.6     
47,067,47067,5.8     
47,069,47069,5.2     
47,071,47071,4.7     
47,073,47073,4.2     
47,075,47075,5.2     
47,077,47077,5.1     
47,079,47079,4.5     
47,081,47081,3.4     
47,083,47083,5.7     
47,085,47085,4.3     
47,087,47087,5.3     
47,089,47089,4.0     
47,091,47091,3.9     
47,093,47093,3.2     
47,095,47095,5.6     
47,097,47097,5.9     
47,099,47099,4.4     
47,101,47101,4.5     
47,103,47103,3.3     
47,105,47105,3.6     
47,107,47107,4.3     
47,109,47109,5.6     
47,111,47111,3.4     
47,113,47113,3.9     
47,115,47115,4.8     
47,117,47117,3.3     
47,119,47119,3.2     
47,121,47121,5.2     
47,123,47123,4.0     
47,125,47125,4.1     
47,127,47127,3.1     
47,129,47129,4.9     
47,131,47131,5.5     
47,133,47133,4.1     
47,135,47135,4.8     
47,137,47137,4.4     
47,139,47139,4.6     
47,141,47141,3.7     
47,143,47143,6.4     
47,145,47145,4.4     
47,147,47147,3.4     
47,149,47149,2.9     
47,151,47151,5.1     
47,153,47153,4.9     
47,155,47155,4.0     
47,157,47157,4.3     
47,159,47159,3.5     
47,161,47161,5.3     
47,163,47163,4.0     
47,165,47165,3.0     
47,167,47167,4.4     
47,169,47169,3.5     
47,171,47171,5.4     
47,173,47173,4.4     
47,175,47175,4.3     
47,177,47177,3.9     
47,179,47179,3.8     
47,181,47181,5.2     
47,183,47183,4.9     
47,185,47185,4.0     
47,187,47187,2.7     
47,189,47189,2.9     
48,001,48001,3.6     
48,003,48003,3.1     
48,005,48005,5.1     
48,007,48007,6.8     
48,009,48009,3.4     
48,011,48011,2.5     
48,013,48013,4.2     
48,015,48015,4.3     
48,017,48017,4.3     
48,019,48019,3.6     
48,021,48021,3.5     
48,023,48023,3.4     
48,025,48025,6.4     
48,027,48027,4.2     
48,029,48029,3.5     
48,031,48031,2.7     
48,033,48033,3.5     
48,035,48035,4.0     
48,037,48037,4.5     
48,039,48039,5.3     
48,041,48041,3.1     
48,043,48043,3.5     
48,045,48045,4.3     
48,047,48047,8.2     
48,049,48049,3.8     
48,051,48051,4.1     
48,053,48053,3.2     
48,055,48055,3.9     
48,057,48057,5.8     
48,059,48059,3.7     
48,061,48061,6.9     
48,063,48063,5.6     
48,065,48065,3.2     
48,067,48067,6.0     
48,069,48069,3.3     
48,071,48071,6.5     
48,073,48073,4.5     
48,075,48075,3.0     
48,077,48077,3.6     
48,079,48079,4.6     
48,081,48081,3.7     
48,083,48083,4.4     
48,085,48085,3.4     
48,087,48087,3.6     
48,089,48089,3.8     
48,091,48091,3.4     
48,093,48093,3.7     
48,095,48095,4.2     
48,097,48097,3.6     
48,099,48099,4.3     
48,101,48101,4.3     
48,103,48103,5.3     
48,105,48105,4.1     
48,107,48107,4.1     
48,109,48109,3.6     
48,111,48111,2.1     
48,113,48113,3.8     
48,115,48115,4.9     
48,117,48117,3.1     
48,119,48119,3.3     
48,121,48121,3.3     
48,123,48123,4.4     
48,125,48125,4.7     
48,127,48127,5.1     
48,129,48129,3.6     
48,131,48131,7.7     
48,133,48133,4.3     
48,135,48135,4.1     
48,137,48137,3.2     
48,139,48139,3.4     
48,141,48141,4.6     
48,143,48143,3.4     
48,145,48145,4.2     
48,147,48147,3.3     
48,149,48149,3.2     
48,151,48151,3.5     
48,153,48153,5.5     
48,155,48155,3.4     
48,157,48157,4.6     
48,159,48159,4.6     
48,161,48161,6.3     
48,163,48163,3.8     
48,165,48165,3.0     
48,167,48167,5.2     
48,169,48169,3.3     
48,171,48171,2.6     
48,173,48173,2.6     
48,175,48175,4.9     
48,177,48177,3.5     
48,179,48179,5.3     
48,181,48181,3.5     
48,183,48183,5.1     
48,185,48185,5.3     
48,187,48187,3.3     
48,189,48189,5.1     
48,191,48191,6.2     
48,193,48193,3.9     
48,195,48195,2.5     
48,197,48197,3.9     
48,199,48199,6.1     
48,201,48201,5.0     
48,203,48203,5.2     
48,205,48205,2.0     
48,207,48207,4.7     
48,209,48209,3.1     
48,211,48211,2.5     
48,213,48213,4.2     
48,215,48215,7.4     
48,217,48217,3.9     
48,219,48219,3.7     
48,221,48221,4.2     
48,223,48223,3.6     
48,225,48225,4.2     
48,227,48227,4.3     
48,229,48229,6.0     
48,231,48231,3.9     
48,233,48233,6.0     
48,235,48235,3.0     
48,237,48237,3.7     
48,239,48239,4.0     
48,241,48241,7.4     
48,243,48243,3.1     
48,245,48245,7.3     
48,247,48247,7.2     
48,249,48249,7.5     
48,251,48251,3.8     
48,253,48253,5.3     
48,255,48255,3.5     
48,257,48257,3.5     
48,259,48259,3.1     
48,261,48261,3.3     
48,263,48263,2.6     
48,265,48265,3.4     
48,267,48267,3.5     
48,269,48269,3.7     
48,271,48271,5.5     
48,273,48273,5.9     
48,275,48275,4.0     
48,277,48277,4.2     
48,279,48279,5.2     
48,281,48281,3.7     
48,283,48283,3.7     
48,285,48285,3.6     
48,287,48287,3.3     
48,289,48289,6.3     
48,291,48291,7.1     
48,293,48293,5.5     
48,295,48295,3.2     
48,297,48297,4.7     
48,299,48299,3.7     
48,301,48301,5.0     
48,303,48303,3.2     
48,305,48305,3.8     
48,307,48307,3.6     
48,309,48309,3.8     
48,311,48311,1.9     
48,313,48313,4.6     
48,315,48315,5.7     
48,317,48317,3.2     
48,319,48319,3.3     
48,321,48321,7.2     
48,323,48323,9.3     
48,325,48325,3.8     
48,327,48327,4.8     
48,329,48329,3.0     
48,331,48331,5.0     
48,333,48333,3.5     
48,335,48335,5.5     
48,337,48337,4.0     
48,339,48339,4.3     
48,341,48341,2.9     
48,343,48343,8.6     
48,345,48345,3.7     
48,347,48347,4.3     
48,349,48349,3.9     
48,351,48351,7.9     
48,353,48353,4.1     
48,355,48355,5.4     
48,357,48357,3.7     
48,359,48359,2.5     
48,361,48361,6.9     
48,363,48363,4.1     
48,365,48365,5.5     
48,367,48367,3.5     
48,369,48369,2.5     
48,371,48371,4.5     
48,373,48373,6.0     
48,375,48375,3.2     
48,377,48377,9.4     
48,379,48379,3.5     
48,381,48381,2.8     
48,383,48383,3.8     
48,385,48385,5.7     
48,387,48387,5.2     
48,389,48389,3.5     
48,391,48391,5.8     
48,393,48393,3.7     
48,395,48395,4.7     
48,397,48397,3.3     
48,399,48399,3.8     
48,401,48401,5.1     
48,403,48403,8.6     
48,405,48405,7.5     
48,407,48407,5.6     
48,409,48409,7.6     
48,411,48411,3.2     
48,413,48413,3.7     
48,415,48415,4.4     
48,417,48417,3.0     
48,419,48419,5.1     
48,421,48421,3.1     
48,423,48423,4.1     
48,425,48425,4.5     
48,427,48427,11.7     
48,429,48429,4.7     
48,431,48431,3.8     
48,433,48433,3.4     
48,435,48435,5.1     
48,437,48437,4.1     
48,439,48439,3.7     
48,441,48441,3.5     
48,443,48443,4.9     
48,445,48445,5.0     
48,447,48447,4.3     
48,449,48449,5.3     
48,451,48451,3.7     
48,453,48453,3.0     
48,455,48455,5.5     
48,457,48457,7.3     
48,459,48459,5.2     
48,461,48461,3.8     
48,463,48463,4.7     
48,465,48465,5.1     
48,467,48467,3.7     
48,469,48469,4.8     
48,471,48471,4.6     
48,473,48473,4.9     
48,475,48475,4.1     
48,477,48477,4.2     
48,479,48479,4.2     
48,481,48481,4.5     
48,483,48483,4.1     
48,485,48485,3.7     
48,487,48487,4.7     
48,489,48489,11.0     
48,491,48491,3.2     
48,493,48493,3.5     
48,495,48495,5.2     
48,497,48497,4.0     
48,499,48499,4.7     
48,501,48501,3.5     
48,503,48503,3.8     
48,505,48505,7.3     
48,507,48507,11.1     
49,001,49001,4.1     
49,003,49003,3.3     
49,005,49005,2.8     
49,007,49007,5.1     
49,009,49009,5.0     
49,011,49011,3.1     
49,013,49013,5.8     
49,015,49015,5.2     
49,017,49017,7.5     
49,019,49019,5.3     
49,021,49021,4.2     
49,023,49023,3.4     
49,025,49025,3.4     
49,027,49027,3.3     
49,029,49029,2.9     
49,031,49031,4.9     
49,033,49033,3.2     
49,035,49035,3.1     
49,037,49037,7.2     
49,039,49039,3.9     
49,041,49041,3.9     
49,043,49043,3.1     
49,045,49045,3.6     
49,047,49047,6.1     
49,049,49049,2.9     
49,051,49051,3.3     
49,053,49053,3.5     
49,055,49055,7.4     
49,057,49057,3.7     
50,001,50001,2.8     
50,003,50003,3.6     
50,005,50005,3.7     
50,007,50007,2.3     
50,009,50009,4.7     
50,011,50011,3.1     
50,013,50013,3.5     
50,015,50015,4.0     
50,017,50017,3.1     
50,019,50019,5.1     
50,021,50021,3.5     
50,023,50023,3.0     
50,025,50025,3.1     
50,027,50027,2.6     
51,001,51001,4.8     
51,003,51003,3.3     
51,005,51005,4.9     
51,007,51007,4.0     
51,009,51009,4.2     
51,011,51011,4.5     
51,013,51013,2.5     
51,015,51015,3.4     
51,017,51017,3.3     
51,019,51019,3.9     
51,021,51021,4.4     
51,023,51023,3.6     
51,025,51025,5.5     
51,027,51027,7.6     
51,029,51029,5.4     
51,031,51031,4.2     
51,033,51033,4.3     
51,035,51035,4.7     
51,036,51036,4.8     
51,037,51037,4.7     
51,041,51041,3.6     
51,043,51043,3.4     
51,045,51045,4.4     
51,047,51047,3.6     
51,049,51049,4.2     
51,051,51051,7.3     
51,053,51053,4.5     
51,057,51057,5.0     
51,059,51059,3.0     
51,061,51061,3.3     
51,063,51063,3.7     
51,065,51065,3.1     
51,067,51067,4.0     
51,069,51069,3.2     
51,071,51071,4.7     
51,073,51073,3.4     
51,075,51075,3.5     
51,077,51077,4.3     
51,079,51079,3.0     
51,081,51081,4.6     
51,083,51083,5.2     
51,085,51085,3.3     
51,087,51087,3.7     
51,089,51089,5.0     
51,091,51091,3.5     
51,093,51093,3.9     
51,095,51095,3.6     
51,097,51097,3.6     
51,099,51099,4.0     
51,101,51101,3.5     
51,103,51103,5.5     
51,105,51105,5.5     
51,107,51107,3.0     
51,109,51109,3.5     
51,111,51111,4.4     
51,113,51113,2.9     
51,115,51115,3.8     
51,117,51117,5.3     
51,119,51119,3.4     
51,121,51121,3.8     
51,125,51125,3.5     
51,127,51127,3.2     
51,131,51131,5.8     
51,133,51133,5.4     
51,135,51135,4.0     
51,137,51137,3.8     
51,139,51139,5.3     
51,141,51141,4.5     
51,143,51143,4.5     
51,145,51145,3.3     
51,147,51147,5.0     
51,149,51149,4.4     
51,153,51153,3.4     
51,155,51155,5.4     
51,157,51157,3.5     
51,159,51159,3.8     
51,161,51161,3.4     
51,163,51163,4.1     
51,165,51165,3.3     
51,167,51167,5.5     
51,169,51169,4.1     
51,171,51171,3.5     
51,173,51173,5.4     
51,175,51175,3.8     
51,177,51177,3.7     
51,179,51179,3.6     
51,181,51181,4.5     
51,183,51183,5.9     
51,185,51185,5.9     
51,187,51187,3.7     
51,191,51191,4.1     
51,193,51193,4.7     
51,195,51195,6.8     
51,197,51197,5.2     
51,199,51199,3.6     
51,510,51510,2.9     
51,520,51520,4.6     
51,530,51530,4.4     
51,540,51540,3.1     
51,550,51550,3.9     
51,570,51570,4.1     
51,580,51580,6.3     
51,590,51590,6.0     
51,595,51595,5.5     
51,600,51600,2.9     
51,610,51610,2.7     
51,620,51620,5.5     
51,630,51630,4.3     
51,640,51640,4.5     
51,650,51650,5.1     
51,660,51660,4.5     
51,670,51670,6.1     
51,678,51678,5.7     
51,680,51680,5.0     
51,683,51683,3.4     
51,685,51685,3.4     
51,690,51690,6.8     
51,700,51700,4.7     
51,710,51710,4.7     
51,720,51720,5.5     
51,730,51730,7.3     
51,735,51735,3.5     
51,740,51740,5.4     
51,750,51750,5.0     
51,760,51760,4.4     
51,770,51770,4.2     
51,775,51775,3.8     
51,790,51790,3.7     
51,800,51800,4.2     
51,810,51810,3.6     
51,820,51820,4.1     
51,830,51830,5.3     
51,840,51840,3.6     
53,001,53001,5.8     
53,003,53003,4.2     
53,005,53005,5.5     
53,007,53007,4.9     
53,009,53009,6.8     
53,011,53011,5.1     
53,013,53013,5.6     
53,015,53015,6.1     
53,017,53017,5.7     
53,019,53019,11.0     
53,021,53021,6.3     
53,023,53023,5.5     
53,025,53025,6.3     
53,027,53027,7.1     
53,029,53029,5.2     
53,031,53031,6.1     
53,033,53033,3.7     
53,035,53035,4.9     
53,037,53037,5.3     
53,039,53039,5.8     
53,041,53041,6.6     
53,043,53043,4.9     
53,045,53045,6.6     
53,047,53047,6.9     
53,049,53049,7.0     
53,051,53051,7.5     
53,053,53053,5.4     
53,055,53055,3.9     
53,057,53057,5.5     
53,059,53059,6.2     
53,061,53061,4.1     
53,063,53063,5.4     
53,065,53065,7.3     
53,067,53067,5.0     
53,069,53069,7.1     
53,071,53071,4.9     
53,073,53073,5.0     
53,075,53075,4.4     
53,077,53077,6.8     
54,001,54001,5.8     
54,003,54003,3.7     
54,005,54005,6.3     
54,007,54007,7.4     
54,009,54009,6.1     
54,011,54011,4.5     
54,013,54013,10.5     
54,015,54015,8.6     
54,017,54017,4.2     
54,019,54019,6.4     
54,021,54021,7.1     
54,023,54023,5.6     
54,025,54025,4.8     
54,027,54027,3.9     
54,029,54029,6.1     
54,031,54031,5.0     
54,033,54033,4.8     
54,035,54035,5.7     
54,037,54037,3.1     
54,039,54039,5.0     
54,041,54041,6.6     
54,043,54043,6.8     
54,045,54045,7.5     
54,047,54047,8.5     
54,049,54049,5.2     
54,051,54051,6.0     
54,053,54053,6.7     
54,055,54055,5.8     
54,057,54057,5.4     
54,059,54059,8.6     
54,061,54061,3.7     
54,063,54063,4.3     
54,065,54065,4.0     
54,067,54067,7.1     
54,069,54069,4.8     
54,071,54071,3.6     
54,073,54073,7.0     
54,075,54075,6.0     
54,077,54077,5.0     
54,079,54079,4.7     
54,081,54081,5.4     
54,083,54083,5.4     
54,085,54085,5.5     
54,087,54087,8.5     
54,089,54089,5.6     
54,091,54091,4.9     
54,093,54093,5.1     
54,095,54095,7.2     
54,097,54097,6.0     
54,099,54099,5.8     
54,101,54101,6.2     
54,103,54103,7.2     
54,105,54105,7.9     
54,107,54107,5.5     
54,109,54109,7.0     
55,001,55001,5.1     
55,003,55003,4.6     
55,005,55005,3.5     
55,007,55007,5.3     
55,009,55009,2.9     
55,011,55011,3.7     
55,013,55013,4.9     
55,015,55015,2.8     
55,017,55017,3.5     
55,019,55019,3.1     
55,021,55021,2.9     
55,023,55023,4.1     
55,025,55025,2.4     
55,027,55027,2.9     
55,029,55029,3.9     
55,031,55031,4.5     
55,033,55033,3.3     
55,035,55035,2.9     
55,037,55037,4.7     
55,039,55039,2.8     
55,041,55041,5.1     
55,043,55043,3.2     
55,045,55045,2.7     
55,047,55047,3.8     
55,049,55049,2.9     
55,051,55051,6.2     
55,053,55053,3.4     
55,055,55055,3.2     
55,057,55057,3.3     
55,059,55059,3.9     
55,061,55061,3.1     
55,063,55063,2.9     
55,065,55065,2.5     
55,067,55067,4.2     
55,069,55069,3.6     
55,071,55071,3.6     
55,073,55073,3.0     
55,075,55075,4.4     
55,077,55077,3.8     
55,078,55078,6.0     
55,079,55079,4.0     
55,081,55081,3.0     
55,083,55083,3.5     
55,085,55085,3.9     
55,087,55087,3.0     
55,089,55089,2.8     
55,091,55091,3.6     
55,093,55093,3.4     
55,095,55095,3.8     
55,097,55097,3.1     
55,099,55099,3.8     
55,101,55101,4.1     
55,103,55103,3.0     
55,105,55105,3.7     
55,107,55107,4.4     
55,109,55109,3.1     
55,111,55111,2.9     
55,113,55113,4.7     
55,115,55115,3.2     
55,117,55117,2.8     
55,119,55119,3.4     
55,121,55121,3.1     
55,123,55123,3.1     
55,125,55125,4.4     
55,127,55127,3.3     
55,129,55129,3.9     
55,131,55131,2.8     
55,133,55133,2.9     
55,135,55135,3.2     
55,137,55137,3.9     
55,139,55139,3.0     
55,141,55141,3.8     
56,001,56001,2.8     
56,003,56003,4.1     
56,005,56005,4.9     
56,007,56007,4.0     
56,009,56009,4.4     
56,011,56011,3.5     
56,013,56013,5.6     
56,015,56015,2.8     
56,017,56017,3.9     
56,019,56019,4.1     
56,021,56021,3.7     
56,023,56023,3.7     
56,025,56025,5.3     
56,027,56027,2.7     
56,029,56029,4.2     
56,031,56031,3.7     
56,033,56033,4.0     
56,035,56035,4.4     
56,037,56037,4.6     
56,039,56039,3.0     
56,041,56041,4.5     
56,043,56043,4.1     
56,045,56045,4.0     
72,001,72001,15.1     
72,003,72003,12.9     
72,005,72005,14.6     
72,007,72007,12.6     
72,009,72009,14.2     
72,011,72011,12.5     
72,013,72013,11.7     
72,015,72015,17.9     
72,017,72017,14.1     
72,019,72019,11.5     
72,021,72021,7.5     
72,023,72023,13.7     
72,025,72025,9.1     
72,027,72027,11.6     
72,029,72029,9.8     
72,031,72031,7.6     
72,033,72033,9.1     
72,035,72035,10.2     
72,037,72037,13.5     
72,039,72039,16.2     
72,041,72041,8.5     
72,043,72043,16.2     
72,045,72045,11.7     
72,047,72047,11.3     
72,049,72049,4.2     
72,051,72051,7.0     
72,053,72053,13.3     
72,054,72054,14.5     
72,055,72055,18.2     
72,057,72057,15.8     
72,059,72059,16.5     
72,061,72061,5.2     
72,063,72063,7.4     
72,065,72065,14.1     
72,067,72067,12.9     
72,069,72069,13.9     
72,071,72071,13.4     
72,073,72073,12.7     
72,075,72075,13.0     
72,077,72077,11.5     
72,079,72079,19.4     
72,081,72081,18.4     
72,083,72083,20.0     
72,085,72085,12.0     
72,087,72087,9.5     
72,089,72089,13.0     
72,091,72091,10.7     
72,093,72093,19.8     
72,095,72095,17.1     
72,097,72097,13.5     
72,099,72099,14.8     
72,101,72101,12.6     
72,103,72103,11.2     
72,105,72105,11.9     
72,107,72107,14.4     
72,109,72109,19.6     
72,111,72111,17.5     
72,113,72113,11.6     
72,115,72115,15.8     
72,117,72117,15.4     
72,119,72119,9.7     
72,121,72121,16.9     
72,123,72123,19.1     
72,125,72125,15.6     
72,127,72127,6.9     
72,129,72129,12.9     
72,131,72131,17.7     
72,133,72133,13.5     
72,135,72135,7.8     
72,137,72137,8.1     
72,139,72139,5.9     
72,141,72141,13.9     
72,143,72143,10.8     
72,145,72145,12.4     
72,147,72147,13.7     
72,149,72149,19.6     
72,151,72151,16.4     
72,153,72153,17.3     
,,,